Order Number,Order Charged Date,Order Charged Timestamp,Financial Status,Device Model,Product Title,Product ID,Product Type,SKU ID,Currency of Sale,Item Price,Taxes Collected,Charged Amount,City of Buyer,State of Buyer,Postal Code of Buyer,Country of Buyer,Base Plan ID,Offer ID
GPA.3349-0743-5556-18924,2021-11-01,1635789195,Charged,OP4C7BL1,Pathfinder DM tools (Complete Reference for Pathfinder),com.vansteinengroentjes.apps.ddpf,inapp,premium,RUB,90.83,18.17,109.00,Москва,Москва,115563,RU,,
GPA.3331-6095-4985-59577,2021-11-01,1635791825,Charged,camellian,Remove advertisements (Whisky App),com.vansteinengroentjes.apps.whisky,inapp,com.vansteinengroentjes.apps.whisky.adverts,EUR,1.50,0.32,1.82,,,,BE,,
GPA.3343-4112-5826-01193,2021-11-01,1635793625,Charged,judypn,Character Manager (Complete Reference for DnD 5),com.vansteinengroentjes.apps.ddfive,inapp,unlockcharactermanager,USD,5.49,0.38,5.87,LEEDS,ND,58346,US,,
GPA.3397-2825-9429-70987,2021-11-01,1635805062,Charged,merlinnfc,Character Manager (Complete Reference for DnD 5),com.vansteinengroentjes.apps.ddfive,inapp,unlockcharactermanager,EUR,4.19,0.80,4.99,,,,DE,,
GPA.3331-1672-8520-93384,2021-11-01,1635807251,Charged,ASUS_Z01QD_1,DM Tools (Complete Reference for DnD 5),com.vansteinengroentjes.apps.ddfive,inapp,premium,GBP,2.16,0.43,2.59,,,,GB,,
GPA.3316-0017-1728-82204,2021-11-01,1635807270,Charged,ASUS_Z01QD_1,Character Manager (Complete Reference for DnD 5),com.vansteinengroentjes.apps.ddfive,inapp,unlockcharactermanager,GBP,3.49,0.70,4.19,,,,GB,,
GPA.3304-8267-3965-87808,2021-11-02,1635813878,Charged,acexlm,Character Manager (Complete Reference for DnD 5),com.vansteinengroentjes.apps.ddfive,inapp,unlockcharactermanager,USD,5.49,0.35,5.84,Meriden,CT,06451,US,,
GPA.3386-5676-5771-00719,2021-11-02,1635823619,Charged,sofiap,DM Tools (Complete Reference for DnD 5),com.vansteinengroentjes.apps.ddfive,inapp,premium,USD,3.49,0.29,3.78,BLUE MOUND,TX,76131,US,,
GPA.3316-8440-8865-94581,2021-11-02,1635846393,Charged,TECNO-KF7j,Euro 2012,com.droidbs.apps.ekapp2012,paidapp,,GHS,5.00,0.88,5.88,Tema,,,GH,,
GPA.3316-8440-8865-94581,2021-11-02,1635846393,Refund,TECNO-KF7j,Euro 2012,com.droidbs.apps.ekapp2012,paidapp,,GHS,5.00,-0.88,-5.88,Tema,,,GH,,
GPA.3317-3591-1997-45320,2021-11-02,1635856536,Charged,c2q,Character Manager (Complete Reference for DnD 5),com.vansteinengroentjes.apps.ddfive,inapp,unlockcharactermanager,USD,5.49,0.52,6.01,LACEY,WA,98513,US,,
GPA.3330-8078-7356-00429,2021-11-02,1635871133,Charged,r8q,Scheurkalender Live Wallpaper,com.droidbs.wallpaper.live.blockcalendar,paidapp,,EUR,0.98,0.21,1.19,,,,NL,,
GPA.3348-5523-5989-62135,2021-11-02,1635874667,Charged,a51,Character Manager (Complete Reference for DnD 5),com.vansteinengroentjes.apps.ddfive,inapp,unlockcharactermanager,EUR,4.02,0.97,4.99,,,,FI,,
GPA.3350-6668-3559-13793,2021-11-02,1635876883,Charged,mh,DM Tools (Complete Reference for DnD 5),com.vansteinengroentjes.apps.ddfive,inapp,premium,MXN,56.03,8.97,65.00,,,97173,MX,,
GPA.3316-4155-7999-48545,2021-11-02,1635891665,Charged,denver,Pathfinder DM tools (Complete Reference for Pathfinder),com.vansteinengroentjes.apps.ddpf,inapp,premium,USD,2.49,0.15,2.64,Oxford,MI,48370,US,,
GPA.3379-3502-3121-09726,2021-11-02,1635896042,Charged,a12u,Character Manager (Complete Reference for DnD 5),com.vansteinengroentjes.apps.ddfive,inapp,unlockcharactermanager,USD,5.49,0.38,5.87,COHASSET,MN,55721,US,,
GPA.3359-2856-6128-63012,2021-11-03,1635900432,Charged,beyond1,Character Manager (Complete Reference for DnD 5),com.vansteinengroentjes.apps.ddfive,inapp,unlockcharactermanager,MXN,93.97,15.03,109.00,,,66070,MX,,
GPA.3399-5959-7681-41972,2021-11-03,1635900814,Charged,minsk,Character Manager (Complete Reference for DnD 5),com.vansteinengroentjes.apps.ddfive,inapp,unlockcharactermanager,USD,5.49,0.38,5.87,Sylacauga,AL,35150,US,,
GPA.3367-5804-5037-33981,2021-11-03,1635901215,Charged,z3q,Dungeon Master Tools (Complete Reference for Pathfinder 2),com.vansteinengroentjes.pathfindertwo,inapp,dmtoolspf2,USD,3.49,0.34,3.83,FAIRVIEW,TN,37062,US,,
GPA.3346-4258-9433-69863,2021-11-03,1635911199,Charged,x1q,Character Manager (Complete Reference for Pathfinder 2),com.vansteinengroentjes.pathfindertwo,inapp,charpf2,USD,5.49,0.00,5.49,GERONIMO,OK,73543,US,,
GPA.3358-5729-9434-19153,2021-11-03,1635911232,Charged,x1q,Dungeon Master Tools (Complete Reference for Pathfinder 2),com.vansteinengroentjes.pathfindertwo,inapp,dmtoolspf2,USD,3.49,0.00,3.49,GERONIMO,OK,73543,US,,
GPA.3392-8687-6580-17419,2021-11-03,1635915184,Charged,ZON,Character Manager (Complete Reference for Pathfinder),com.vansteinengroentjes.apps.ddpf,inapp,unlockcharactermanager,USD,1.99,0.16,2.15,TENAHA,TX,75974,US,,
GPA.3354-0039-6668-25986,2021-11-03,1635919939,Charged,beyond2q,Dungeon Master Tools (Complete Reference for Pathfinder 2),com.vansteinengroentjes.pathfindertwo,inapp,dmtoolspf2,USD,3.49,0.21,3.70,UNINCORPORATED,PA,17821,US,,
GPA.3364-1684-3165-10024,2021-11-03,1635951015,Charged,a71,Character Manager (Complete Reference for DnD 5),com.vansteinengroentjes.apps.ddfive,inapp,unlockcharactermanager,GBP,3.49,0.70,4.19,,,,GB,,
GPA.3386-5030-8357-60117,2021-11-03,1635956284,Charged,r8q,Unlock Character Manager (D20 Complete Reference),com.vansteinengroentjes.apps.ddcompletereference,inapp,unlockcharactermanager,USD,1.96,0.00,1.96,CAMDEN,DE,19904,US,,
GPA.3319-6423-8269-40707,2021-11-03,1635962691,Charged,cv7as,Dungeon Master Tools (Complete Reference for Pathfinder 2),com.vansteinengroentjes.pathfindertwo,inapp,dmtoolspf2,USD,3.49,0.29,3.78,DONNA,TX,78537,US,,
GPA.3364-6120-2813-05559,2021-11-03,1635963402,Charged,ASUS_I003_1,DM Tools (Complete Reference for DnD 5),com.vansteinengroentjes.apps.ddfive,inapp,premium,EUR,2.43,0.56,2.99,,,,PT,,
GPA.3300-2759-7487-43528,2021-11-03,1635977631,Charged,p3q,Unlock Character Manager (D20 Complete Reference),com.vansteinengroentjes.apps.ddcompletereference,inapp,unlockcharactermanager,USD,1.96,0.14,2.10,TRINIDAD,TX,75163,US,,
GPA.3313-3300-8778-25902,2021-11-03,1635978940,Charged,apollo,Character Manager (Complete Reference for DnD 5),com.vansteinengroentjes.apps.ddfive,inapp,unlockcharactermanager,COP,"17,500.00",0.00,"17,500.00",,,700001,CO,,
GPA.3376-6506-8586-67053,2021-11-03,1635979657,Charged,ASUS_P028_1,Character Manager (Complete Reference for DnD 5),com.vansteinengroentjes.apps.ddfive,inapp,unlockcharactermanager,USD,5.49,0.51,6.00,FONTANA,KS,66071,US,,
GPA.3393-9360-2205-19227,2021-11-03,1635979700,Charged,ASUS_P028_1,DM Tools (Complete Reference for DnD 5),com.vansteinengroentjes.apps.ddfive,inapp,premium,USD,3.49,0.33,3.82,FONTANA,KS,66071,US,,
GPA.3399-0729-1452-13355,2021-11-04,1635997577,Charged,oriole,Pathfinder DM tools (Complete Reference for Pathfinder),com.vansteinengroentjes.apps.ddpf,inapp,premium,USD,2.49,0.15,2.64,ALPENA,MI,49707,US,,
GPA.3381-6316-5546-37593,2021-11-04,1635997633,Charged,oriole,Character Manager (Complete Reference for Pathfinder),com.vansteinengroentjes.apps.ddpf,inapp,unlockcharactermanager,USD,1.99,0.12,2.11,ALPENA,MI,49707,US,,
GPA.3395-4271-8267-31455,2021-11-04,1636003025,Charged,a12u,"Unlock DM tools, Dice tools and remove ads. (D20 Complete Reference)",com.vansteinengroentjes.apps.ddcompletereference,inapp,premium,USD,2.49,0.15,2.64,LAURELDALE,PA,19560,US,,
GPA.3378-0271-9744-86171,2021-11-04,1636022111,Charged,HWELE,Character Manager (Complete Reference for DnD 5),com.vansteinengroentjes.apps.ddfive,inapp,unlockcharactermanager,GBP,3.49,0.70,4.19,,,,GB,,
GPA.3331-0055-9931-72773,2021-11-04,1636032026,Charged,borneo,Unlock Character Manager (D20 Complete Reference),com.vansteinengroentjes.apps.ddcompletereference,inapp,unlockcharactermanager,USD,1.96,0.14,2.10,Mitchell,IN,47446,US,,
GPA.3354-9183-4674-47125,2021-11-04,1636032036,Charged,borneo,"Unlock DM tools, Dice tools and remove ads. (D20 Complete Reference)",com.vansteinengroentjes.apps.ddcompletereference,inapp,premium,USD,2.49,0.17,2.66,Mitchell,IN,47446,US,,
GPA.3346-8893-6209-93750,2021-11-04,1636035910,Charged,sargo,Unlock Character Manager (D20 Complete Reference),com.vansteinengroentjes.apps.ddcompletereference,inapp,unlockcharactermanager,CAD,2.40,0.12,2.52,Calgary,AB,T2J 0T6,CA,,
GPA.3322-7454-4624-47314,2021-11-04,1636050861,Charged,beyond0,Verwijder reclame (Whisky App),com.vansteinengroentjes.apps.whisky,inapp,com.vansteinengroentjes.apps.whisky.adverts,EUR,1.50,0.32,1.82,,,,NL,,
GPA.3347-8520-2543-83711,2021-11-04,1636051310,Charged,OnePlus8,Character Manager (Complete Reference for DnD 5),com.vansteinengroentjes.apps.ddfive,inapp,unlockcharactermanager,USD,5.49,0.36,5.85,Kearny,NJ,07032,US,,
GPA.3313-3300-8778-25902,2021-11-04,1636057608,Refund,apollo,Character Manager (Complete Reference for DnD 5),com.vansteinengroentjes.apps.ddfive,inapp,unlockcharactermanager,COP,"17,500.00",0.00,"-17,500.00",,,700001,CO,,
GPA.3399-6196-4762-75492,2021-11-04,1636067747,Charged,crownqltesq,"Unlock DM tools, Dice tools and remove ads. (D20 Complete Reference)",com.vansteinengroentjes.apps.ddcompletereference,inapp,premium,USD,2.49,0.00,2.49,Glendale,CA,91202,US,,
GPA.3384-8046-7908-11492,2021-11-04,1636068119,Charged,mh,DM Tools (Complete Reference for DnD 5),com.vansteinengroentjes.apps.ddfive,inapp,premium,CRC,"2,000.00",0.00,"2,000.00",San José,,,CR,,
GPA.3394-7011-7992-67654,2021-11-04,1636068167,Charged,mh,Character Manager (Complete Reference for DnD 5),com.vansteinengroentjes.apps.ddfive,inapp,unlockcharactermanager,CRC,"3,300.00",0.00,"3,300.00",San José,,,CR,,
GPA.3300-4453-2226-47130,2021-11-05,1636075984,Charged,flame,Character Manager (Complete Reference for DnD 5),com.vansteinengroentjes.apps.ddfive,inapp,unlockcharactermanager,USD,5.49,0.34,5.83,Springfield,MA,01103,US,,
GPA.3304-3815-7381-97171,2021-11-05,1636076010,Charged,flame,DM Tools (Complete Reference for DnD 5),com.vansteinengroentjes.apps.ddfive,inapp,premium,USD,3.49,0.22,3.71,Springfield,MA,01103,US,,
GPA.3351-7360-2570-83142,2021-11-05,1636078589,Charged,a71,Unlock Character Manager (D20 Complete Reference),com.vansteinengroentjes.apps.ddcompletereference,inapp,unlockcharactermanager,CAD,2.40,0.31,2.71,Hanover,ON,N4N 2G2,CA,,
GPA.3315-7380-1913-67411,2021-11-05,1636078609,Charged,a71,"Unlock DM tools, Dice tools and remove ads. (D20 Complete Reference)",com.vansteinengroentjes.apps.ddcompletereference,inapp,premium,CAD,3.69,0.48,4.17,Hanover,ON,N4N 2G2,CA,,
GPA.3367-8969-3867-49678,2021-11-05,1636083307,Charged,crosshatch,DM Tools (Complete Reference for DnD 5),com.vansteinengroentjes.apps.ddfive,inapp,premium,USD,3.49,0.26,3.75,UNINCORPORATED,MN,55387,US,,
GPA.3385-6056-5587-73985,2021-11-05,1636085566,Charged,d2q,Character Manager (Complete Reference for Pathfinder 2),com.vansteinengroentjes.pathfindertwo,inapp,charpf2,USD,5.49,0.00,5.49,Owasso,OK,74055,US,,
GPA.3338-6622-2219-11448,2021-11-05,1636091850,Charged,p3q,Dungeon Master Tools (Complete Reference for Pathfinder 2),com.vansteinengroentjes.pathfindertwo,inapp,dmtoolspf2,USD,3.49,0.21,3.70,Catawissa,PA,17820,US,,
GPA.3398-4175-8074-07468,2021-11-05,1636098945,Charged,bramble,Dungeon Master Tools (Complete Reference for Pathfinder 2),com.vansteinengroentjes.pathfindertwo,inapp,dmtoolspf2,USD,3.49,0.35,3.84,TACOMA,WA,98409,US,,
GPA.3336-1778-3503-48217,2021-11-05,1636105436,Charged,H8416,Character Manager (Complete Reference for DnD 5),com.vansteinengroentjes.apps.ddfive,inapp,unlockcharactermanager,GBP,3.49,0.70,4.19,,,,GB,,
GPA.3300-2500-1717-80501,2021-11-05,1636116134,Charged,d2q,Character Manager (Complete Reference for DnD 5),com.vansteinengroentjes.apps.ddfive,inapp,unlockcharactermanager,USD,5.49,0.00,5.49,Fort Collins,CO,80525,US,,
GPA.3385-1031-2598-52596,2021-11-05,1636128899,Charged,dream2lte,Dungeon Master Tools (Complete Reference for Pathfinder 2),com.vansteinengroentjes.pathfindertwo,inapp,dmtoolspf2,EUR,2.45,0.54,2.99,,,,IT,,
GPA.3326-0063-7250-76657,2021-11-05,1636145872,Charged,a21,Character Manager (Complete Reference for Pathfinder),com.vansteinengroentjes.apps.ddpf,inapp,unlockcharactermanager,USD,1.99,0.12,2.11,HODGENVILLE,KY,42748,US,,
GPA.3338-2452-0999-31532,2021-11-05,1636150292,Charged,minsk,DM Tools (Complete Reference for DnD 5),com.vansteinengroentjes.apps.ddfive,inapp,premium,USD,3.49,0.25,3.74,ANOKA,MN,55303,US,,
GPA.3387-2051-6672-38201,2021-11-05,1636150758,Charged,gta4xlwifi,Character Manager (Complete Reference for DnD 5),com.vansteinengroentjes.apps.ddfive,inapp,unlockcharactermanager,USD,5.49,0.45,5.94,BEAUMONT,TX,77707,US,,
GPA.3371-8250-3645-41730,2021-11-05,1636156654,Charged,c1q,DM Tools (Complete Reference for DnD 5),com.vansteinengroentjes.apps.ddfive,inapp,premium,USD,3.49,0.24,3.73,OSGOOD,IN,47037,US,,
GPA.3379-8679-8679-34724,2021-11-06,1636159237,Charged,b2q,DM Tools (Complete Reference for DnD 5),com.vansteinengroentjes.apps.ddfive,inapp,premium,GBP,2.16,0.43,2.59,,,,GB,,
GPA.3349-0871-8571-68988,2021-11-06,1636160120,Charged,c1q,Character Manager (Complete Reference for DnD 5),com.vansteinengroentjes.apps.ddfive,inapp,unlockcharactermanager,USD,5.49,0.38,5.87,OSGOOD,IN,47037,US,,
GPA.3303-1485-0483-21032,2021-11-06,1636193629,Charged,d1q,Character Manager (Complete Reference for DnD 5),com.vansteinengroentjes.apps.ddfive,inapp,unlockcharactermanager,USD,5.49,0.00,5.49,RENO,NV,89509,US,,
GPA.3350-9340-4412-91769,2021-11-06,1636194270,Charged,crosshatch,Character Manager (Complete Reference for Pathfinder),com.vansteinengroentjes.apps.ddpf,inapp,unlockcharactermanager,USD,1.99,0.15,2.14,EUCLID,OH,44117,US,,
GPA.3360-8265-5840-31719,2021-11-06,1636203486,Charged,beyond1,Character Manager (Complete Reference for DnD 5),com.vansteinengroentjes.apps.ddfive,inapp,unlockcharactermanager,GBP,3.49,0.70,4.19,,,,GB,,
GPA.3376-3079-0739-93031,2021-11-06,1636203510,Charged,beyond1,DM Tools (Complete Reference for DnD 5),com.vansteinengroentjes.apps.ddfive,inapp,premium,GBP,2.16,0.43,2.59,,,,GB,,
GPA.3308-2069-6584-89515,2021-11-06,1636203569,Charged,crownlte,DM Tools (Complete Reference for DnD 5),com.vansteinengroentjes.apps.ddfive,inapp,premium,GBP,2.16,0.43,2.59,,,,GB,,
GPA.3345-0213-2907-64718,2021-11-06,1636203581,Charged,crownlte,Character Manager (Complete Reference for DnD 5),com.vansteinengroentjes.apps.ddfive,inapp,unlockcharactermanager,GBP,3.49,0.70,4.19,,,,GB,,
GPA.3397-1209-0209-21721,2021-11-06,1636218011,Charged,d2q,Character Manager (Complete Reference for DnD 5),com.vansteinengroentjes.apps.ddfive,inapp,unlockcharactermanager,USD,5.49,0.00,5.49,COLUMBUS,GA,31903,US,,
GPA.3389-5621-5425-08565,2021-11-06,1636218022,Charged,d2q,DM Tools (Complete Reference for DnD 5),com.vansteinengroentjes.apps.ddfive,inapp,premium,USD,3.49,0.00,3.49,COLUMBUS,GA,31903,US,,
GPA.3365-0153-9379-15153,2021-11-06,1636219506,Charged,crownlte,Pathfinder DM tools (Complete Reference for Pathfinder),com.vansteinengroentjes.apps.ddpf,inapp,premium,EUR,1.66,0.33,1.99,,,,FR,,
GPA.3331-4516-6109-46087,2021-11-06,1636221739,Charged,crownqltesq,DM Tools (Complete Reference for DnD 5),com.vansteinengroentjes.apps.ddfive,inapp,premium,USD,3.49,0.35,3.84,Gardendale,AL,35071,US,,
GPA.3374-9208-0036-74929,2021-11-06,1636222447,Charged,beyond0q,Character Manager (Complete Reference for Pathfinder),com.vansteinengroentjes.apps.ddpf,inapp,unlockcharactermanager,USD,1.99,0.16,2.15,Glendale,AZ,85307,US,,
GPA.3355-4366-2296-16201,2021-11-06,1636222459,Charged,beyond0q,Pathfinder DM tools (Complete Reference for Pathfinder),com.vansteinengroentjes.apps.ddpf,inapp,premium,USD,2.49,0.20,2.69,Glendale,AZ,85307,US,,
GPA.3323-0462-6948-95472,2021-11-06,1636223774,Charged,j7topeltevzw,DM Tools (Complete Reference for DnD 5),com.vansteinengroentjes.apps.ddfive,inapp,premium,USD,3.49,0.00,3.49,HOT SPRINGS,AR,71913,US,,
GPA.3352-6962-6808-14323,2021-11-06,1636227129,Charged,HWCOL,Unlock Character Manager (D20 Complete Reference),com.vansteinengroentjes.apps.ddcompletereference,inapp,unlockcharactermanager,EUR,1.77,0.34,2.11,,,,DE,,
GPA.3346-0431-0750-77587,2021-11-06,1636235275,Charged,a52xq,DM Tools (Complete Reference for DnD 5),com.vansteinengroentjes.apps.ddfive,inapp,premium,USD,3.49,0.31,3.80,Lackawanna,NY,14218,US,,
GPA.3318-9178-5563-48902,2021-11-06,1636235352,Charged,a52xq,Character Manager (Complete Reference for DnD 5),com.vansteinengroentjes.apps.ddfive,inapp,unlockcharactermanager,USD,5.49,0.48,5.97,Lackawanna,NY,14218,US,,
GPA.3327-4290-0824-80732,2021-11-06,1636238351,Charged,r8q,Character Manager (Complete Reference for DnD 5),com.vansteinengroentjes.apps.ddfive,inapp,unlockcharactermanager,USD,5.49,0.00,5.49,Bella Vista,AR,72714,US,,
GPA.3301-7774-9739-62502,2021-11-07,1636243410,Charged,a41,Character Manager (Complete Reference for DnD 5),com.vansteinengroentjes.apps.ddfive,inapp,unlockcharactermanager,EUR,4.19,0.80,4.99,,,,DE,,
GPA.3380-3805-0825-10762,2021-11-07,1636246124,Charged,j7popltevzw,Character Manager (Complete Reference for DnD 5),com.vansteinengroentjes.apps.ddfive,inapp,unlockcharactermanager,USD,5.49,0.44,5.93,LEWISTON,NY,14092,US,,
GPA.3330-2791-0240-69697,2021-11-07,1636246147,Charged,j7popltevzw,DM Tools (Complete Reference for DnD 5),com.vansteinengroentjes.apps.ddfive,inapp,premium,USD,3.49,0.28,3.77,LEWISTON,NY,14092,US,,
GPA.3329-8362-4231-98971,2021-11-07,1636246693,Charged,P10000_Pro,Character Manager (Complete Reference for DnD 5),com.vansteinengroentjes.apps.ddfive,inapp,unlockcharactermanager,ZAR,70.43,10.56,80.99,Alberton,,1961,ZA,,
GPA.3335-7765-0437-78226,2021-11-07,1636252826,Charged,OnePlusN10TMO,Unlock Character Manager (D20 Complete Reference),com.vansteinengroentjes.apps.ddcompletereference,inapp,unlockcharactermanager,USD,1.96,0.00,1.96,STEELVILLE,MO,65565,US,,
GPA.3373-5391-3216-50111,2021-11-07,1636255657,Charged,p3q,Character Manager (Complete Reference for DnD 5),com.vansteinengroentjes.apps.ddfive,inapp,unlockcharactermanager,USD,5.49,0.00,5.49,STRASBURG,MO,64090,US,,
GPA.3361-0655-7413-63408,2021-11-07,1636288582,Charged,DRD_sprout,Character Manager (Complete Reference for DnD 5),com.vansteinengroentjes.apps.ddfive,inapp,unlockcharactermanager,EUR,4.12,0.87,4.99,,,,BE,,
GPA.3357-2509-5925-34870,2021-11-07,1636312335,Charged,HWMAR,Character Manager (Complete Reference for DnD 5),com.vansteinengroentjes.apps.ddfive,inapp,unlockcharactermanager,EUR,2.19,0.80,2.99,,,,DE,,
GPA.3372-8319-1387-64750,2021-11-07,1636320049,Charged,coral,Character Manager (Complete Reference for DnD 5),com.vansteinengroentjes.apps.ddfive,inapp,unlockcharactermanager,USD,5.49,0.00,5.49,MARIETTA,GA,30008,US,,
GPA.3357-3340-5284-86834,2021-11-07,1636323013,Charged,o1q,Unlock Character Manager (D20 Complete Reference),com.vansteinengroentjes.apps.ddcompletereference,inapp,unlockcharactermanager,USD,1.96,0.18,2.14,LAKE STEVENS,WA,98258,US,,
GPA.3301-7798-8090-62736,2021-11-07,1636323055,Charged,o1q,"Unlock DM tools, Dice tools and remove ads. (D20 Complete Reference)",com.vansteinengroentjes.apps.ddcompletereference,inapp,premium,USD,2.49,0.22,2.71,LAKE STEVENS,WA,98258,US,,
GPA.3308-2622-4795-69721,2021-11-08,1636345920,Charged,a51,DM Tools (Complete Reference for DnD 5),com.vansteinengroentjes.apps.ddfive,inapp,premium,BRL,12.99,0.00,12.99,Rio de Janeiro,RJ,22763-050,BR,,
GPA.3349-3636-0570-82229,2021-11-08,1636345963,Charged,a51,Character Manager (Complete Reference for DnD 5),com.vansteinengroentjes.apps.ddfive,inapp,unlockcharactermanager,BRL,20.99,0.00,20.99,Rio de Janeiro,RJ,22763-050,BR,,
GPA.3341-8592-2939-61201,2021-11-08,1636388725,Charged,a51,Pathfinder DM tools (Complete Reference for Pathfinder),com.vansteinengroentjes.apps.ddpf,inapp,premium,USD,2.49,0.24,2.73,UNINCORPORATED,TN,37865,US,,
GPA.3367-2149-4089-98095,2021-11-08,1636388773,Charged,a51,Character Manager (Complete Reference for Pathfinder),com.vansteinengroentjes.apps.ddpf,inapp,unlockcharactermanager,USD,1.99,0.19,2.18,UNINCORPORATED,TN,37865,US,,
GPA.3398-4569-1524-70087,2021-11-08,1636408463,Charged,TokyoPro,Character Manager (Complete Reference for DnD 5),com.vansteinengroentjes.apps.ddfive,inapp,unlockcharactermanager,GBP,3.49,0.70,4.19,,,,GB,,
GPA.3318-7176-7053-52992,2021-11-09,1636419002,Charged,c2q,Character Manager (Complete Reference for DnD 5),com.vansteinengroentjes.apps.ddfive,inapp,unlockcharactermanager,USD,5.49,0.34,5.83,whitinsville,MA,01588,US,,
GPA.3300-8964-1021-11339,2021-11-09,1636422957,Charged,gta4lwifi,Character Manager (Complete Reference for DnD 5),com.vansteinengroentjes.apps.ddfive,inapp,unlockcharactermanager,CAD,7.49,0.97,8.46,Nepean,ON,K2J 1W7,CA,,
GPA.3395-3131-8007-62948,2021-11-09,1636425095,Charged,crosshatch,Character Manager (Complete Reference for DnD 5),com.vansteinengroentjes.apps.ddfive,inapp,unlockcharactermanager,USD,5.49,0.33,5.82,Hanover,MD,21076,US,,
GPA.3338-6969-9181-92500,2021-11-09,1636425152,Charged,crosshatch,DM Tools (Complete Reference for DnD 5),com.vansteinengroentjes.apps.ddfive,inapp,premium,USD,3.49,0.21,3.70,Hanover,MD,21076,US,,
GPA.3350-6001-7289-42442,2021-11-09,1636459286,Charged,d2q,DM Tools (Complete Reference for DnD 5),com.vansteinengroentjes.apps.ddfive,inapp,premium,USD,3.49,0.23,3.72,Elkton,SD,57026,US,,
GPA.3394-7855-8635-40500,2021-11-09,1636459343,Charged,d2q,Character Manager (Complete Reference for DnD 5),com.vansteinengroentjes.apps.ddfive,inapp,unlockcharactermanager,USD,5.49,0.36,5.85,Elkton,SD,57026,US,,
GPA.3347-9901-0266-44551,2021-11-09,1636464870,Charged,redfin,Character Manager (Complete Reference for Pathfinder),com.vansteinengroentjes.apps.ddpf,inapp,unlockcharactermanager,USD,1.99,0.13,2.12,Greensboro,NC,27410,US,,
GPA.3385-5259-9998-28597,2021-11-09,1636470244,Charged,sofia,DM Tools (Complete Reference for DnD 5),com.vansteinengroentjes.apps.ddfive,inapp,premium,USD,3.49,0.00,3.49,LAWTON,OK,73505,US,,
GPA.3349-7258-0597-79595,2021-11-09,1636473281,Charged,d2q,Pathfinder DM tools (Complete Reference for Pathfinder),com.vansteinengroentjes.apps.ddpf,inapp,premium,USD,2.49,0.14,2.63,NICKERSON,NE,68044,US,,
GPA.3356-7616-1134-21781,2021-11-09,1636478415,Charged,a32x,Character Manager (Complete Reference for DnD 5),com.vansteinengroentjes.apps.ddfive,inapp,unlockcharactermanager,USD,5.49,0.33,5.82,FENTON,MI,48430,US,,
GPA.3319-8834-6269-45285,2021-11-09,1636481553,Charged,r8q,Character Manager (Complete Reference for DnD 5),com.vansteinengroentjes.apps.ddfive,inapp,unlockcharactermanager,USD,5.49,0.00,5.49,Virginia Beach,VA,23451,US,,
GPA.3351-9270-3759-49140,2021-11-09,1636493634,Charged,lavender,Pathfinder DM tools (Complete Reference for Pathfinder),com.vansteinengroentjes.apps.ddpf,inapp,premium,EUR,1.64,0.35,1.99,,,,ES,,
GPA.3333-3718-7098-73213,2021-11-09,1636496092,Charged,d2xq2,Character Manager (Complete Reference for Pathfinder),com.vansteinengroentjes.apps.ddpf,inapp,unlockcharactermanager,USD,1.99,0.14,2.13,GULFPORT,MS,39507,US,,
GPA.3365-4132-7899-15552,2021-11-09,1636499553,Charged,a11q,Character Manager (Complete Reference for Pathfinder 2),com.vansteinengroentjes.pathfindertwo,inapp,charpf2,CAD,7.49,0.97,8.46,Markham,ON,L3R 9Z6,CA,,
GPA.3378-1081-8184-91209,2021-11-10,1636503052,Charged,rav,Character Manager (Complete Reference for DnD 5),com.vansteinengroentjes.apps.ddfive,inapp,unlockcharactermanager,USD,5.49,0.30,5.79,`Chippewa Falls,WI,54729,US,,
GPA.3323-4876-0300-48523,2021-11-10,1636503314,Charged,rav,DM Tools (Complete Reference for DnD 5),com.vansteinengroentjes.apps.ddfive,inapp,premium,USD,3.49,0.19,3.68,`Chippewa Falls,WI,54729,US,,
GPA.3337-7454-8125-13406,2021-11-10,1636510803,Charged,minsk,Unlock Character Manager (D20 Complete Reference),com.vansteinengroentjes.apps.ddcompletereference,inapp,unlockcharactermanager,USD,1.96,0.14,2.10,Sherman,TX,75092,US,,
GPA.3334-5157-7737-09965,2021-11-10,1636522874,Charged,100011886,Character Manager (Complete Reference for DnD 5),com.vansteinengroentjes.apps.ddfive,inapp,unlockcharactermanager,USD,5.49,0.00,5.49,BOSTWICK,FL,32007,US,,
GPA.3304-6069-0852-38653,2021-11-10,1636523137,Charged,greatqlte,Sport pick up lines (Daily pick up lines),com.vansteinengroentjes.apps.dailypickupline,inapp,sport,USD,1.05,0.05,1.10,HALAWA,HI,96818,US,,
GPA.3389-4396-3465-30850,2021-11-10,1636532432,Charged,p3s,Character Manager (Complete Reference for DnD 5),com.vansteinengroentjes.apps.ddfive,inapp,unlockcharactermanager,GBP,3.49,0.70,4.19,,,,GB,,
GPA.3390-4271-8382-40325,2021-11-10,1636547335,Charged,c2q,Character Manager (Complete Reference for DnD 5),com.vansteinengroentjes.apps.ddfive,inapp,unlockcharactermanager,USD,5.49,0.40,5.89,MARION,OH,43302,US,,
GPA.3319-2968-9138-82592,2021-11-10,1636561051,Charged,beyond2q,Unlock Character Manager (D20 Complete Reference),com.vansteinengroentjes.apps.ddcompletereference,inapp,unlockcharactermanager,USD,1.96,0.11,2.07,Sheboygan,WI,53081,US,,
GPA.3391-7643-9174-07000,2021-11-10,1636563153,Charged,d1q,DM Tools (Complete Reference for DnD 5),com.vansteinengroentjes.apps.ddfive,inapp,premium,USD,3.49,0.26,3.75,HUTCHINSON,KS,67501,US,,
GPA.3355-0506-0064-19499,2021-11-10,1636564888,Charged,100011886,DM Tools (Complete Reference for DnD 5),com.vansteinengroentjes.apps.ddfive,inapp,premium,USD,3.49,0.00,3.49,BOSTWICK,FL,32007,US,,
GPA.3393-1072-0175-94282,2021-11-10,1636565257,Charged,oriole,DM Tools (Complete Reference for DnD 5),com.vansteinengroentjes.apps.ddfive,inapp,premium,USD,3.49,0.17,3.66,WINNECONNE,WI,54986,US,,
GPA.3330-6423-0244-68870,2021-11-10,1636565334,Charged,oriole,Character Manager (Complete Reference for DnD 5),com.vansteinengroentjes.apps.ddfive,inapp,unlockcharactermanager,USD,5.49,0.27,5.76,WINNECONNE,WI,54986,US,,
GPA.3336-3054-4402-64763,2021-11-10,1636565436,Charged,p3q,Character Manager (Complete Reference for DnD 5),com.vansteinengroentjes.apps.ddfive,inapp,unlockcharactermanager,USD,5.49,0.38,5.87,Davenport,IA,52807,US,,
GPA.3347-0011-0560-18207,2021-11-10,1636565448,Charged,p3q,DM Tools (Complete Reference for DnD 5),com.vansteinengroentjes.apps.ddfive,inapp,premium,USD,3.49,0.24,3.73,Davenport,IA,52807,US,,
GPA.3389-4396-3465-30850,2021-11-10,1636584141,Refund,p3s,Character Manager (Complete Reference for DnD 5),com.vansteinengroentjes.apps.ddfive,inapp,unlockcharactermanager,GBP,3.49,-0.70,-4.19,,,,GB,,
GPA.3342-9002-5326-49738,2021-11-11,1636595028,Charged,p3q,Character Manager (Complete Reference for DnD 5),com.vansteinengroentjes.apps.ddfive,inapp,unlockcharactermanager,USD,5.49,0.00,5.49,Orland,CA,95963,US,,
GPA.3399-8404-3755-43289,2021-11-11,1636603724,Charged,EA211001,"Unlock DM tools, Dice tools and remove ads. (D20 Complete Reference)",com.vansteinengroentjes.apps.ddcompletereference,inapp,premium,USD,2.49,0.17,2.66,BURLINGTON,VT,05403,US,,
GPA.3358-0418-9038-98350,2021-11-11,1636603749,Charged,EA211001,Unlock Character Manager (D20 Complete Reference),com.vansteinengroentjes.apps.ddcompletereference,inapp,unlockcharactermanager,USD,1.96,0.14,2.10,BURLINGTON,VT,05403,US,,
GPA.3344-5340-4794-17270,2021-11-11,1636625494,Charged,gta4lwifi,Character Manager (Complete Reference for DnD 5),com.vansteinengroentjes.apps.ddfive,inapp,unlockcharactermanager,GBP,3.49,0.70,4.19,,,,GB,,
GPA.3344-4556-6215-58614,2021-11-11,1636656603,Charged,p3q,"Unlock DM tools, Dice tools and remove ads. (D20 Complete Reference)",com.vansteinengroentjes.apps.ddcompletereference,inapp,premium,USD,2.49,0.00,2.49,Elgin,SC,29045,US,,
GPA.3365-7467-9182-22294,2021-11-11,1636656614,Charged,p3q,Unlock Character Manager (D20 Complete Reference),com.vansteinengroentjes.apps.ddcompletereference,inapp,unlockcharactermanager,USD,1.96,0.00,1.96,Elgin,SC,29045,US,,
GPA.3361-6846-5051-27488,2021-11-11,1636668499,Charged,starqlteue,Unlock Character Manager (D20 Complete Reference),com.vansteinengroentjes.apps.ddcompletereference,inapp,unlockcharactermanager,USD,1.96,0.10,2.06,UNINCORPORATED,WI,54679,US,,
GPA.3310-0355-6898-63192,2021-11-11,1636668566,Charged,p3q,Character Manager (Complete Reference for Pathfinder),com.vansteinengroentjes.apps.ddpf,inapp,unlockcharactermanager,USD,1.99,0.00,1.99,LEMOORE,CA,93245,US,,
GPA.3335-2125-1879-88991,2021-11-11,1636673595,Charged,c2q,Character Manager (Complete Reference for DnD 5),com.vansteinengroentjes.apps.ddfive,inapp,unlockcharactermanager,USD,5.49,0.33,5.82,GLENDON,PA,18042,US,,
GPA.3323-5948-1728-73228,2021-11-12,1636675222,Charged,bramble,Character Manager (Complete Reference for DnD 5),com.vansteinengroentjes.apps.ddfive,inapp,unlockcharactermanager,USD,5.49,0.45,5.94,BROWNWOOD,TX,76801,US,,
GPA.3331-6243-4941-25947,2021-11-12,1636675263,Charged,bramble,DM Tools (Complete Reference for DnD 5),com.vansteinengroentjes.apps.ddfive,inapp,premium,USD,3.49,0.29,3.78,BROWNWOOD,TX,76801,US,,
GPA.3388-1632-1418-82115,2021-11-12,1636675317,Charged,bramble,Unlock Character Manager (D20 Complete Reference),com.vansteinengroentjes.apps.ddcompletereference,inapp,unlockcharactermanager,USD,1.96,0.16,2.12,BROWNWOOD,TX,76801,US,,
GPA.3385-1453-9546-17515,2021-11-12,1636675354,Charged,bramble,"Unlock DM tools, Dice tools and remove ads. (D20 Complete Reference)",com.vansteinengroentjes.apps.ddcompletereference,inapp,premium,USD,2.49,0.21,2.70,BROWNWOOD,TX,76801,US,,
GPA.3349-0827-2240-88024,2021-11-12,1636676975,Charged,a32x,"Unlock DM tools, Dice tools and remove ads. (D20 Complete Reference)",com.vansteinengroentjes.apps.ddcompletereference,inapp,premium,USD,2.49,0.00,2.49,STOCKTON,CA,95206,US,,
GPA.3393-6944-3515-16292,2021-11-12,1636677116,Charged,denver,DM Tools (Complete Reference for DnD 5),com.vansteinengroentjes.apps.ddfive,inapp,premium,USD,3.49,0.19,3.68,EDGAR,WI,54401,US,,
GPA.3335-8397-9095-86053,2021-11-12,1636687762,Charged,y2q,Character Manager (Complete Reference for DnD 5),com.vansteinengroentjes.apps.ddfive,inapp,unlockcharactermanager,USD,5.49,0.30,5.79,South Portland,ME,04106,US,,
GPA.3345-0555-2443-71013,2021-11-12,1636689478,Charged,a21,Character Manager (Complete Reference for Pathfinder),com.vansteinengroentjes.apps.ddpf,inapp,unlockcharactermanager,USD,1.99,0.00,1.99,EMMETT,ID,83617,US,,
GPA.3347-5200-4681-88600,2021-11-12,1636699236,Charged,OnePlus6T,Unlock Character Manager (D20 Complete Reference),com.vansteinengroentjes.apps.ddcompletereference,inapp,unlockcharactermanager,CAD,2.40,0.31,2.71,Ottawa,ON,K1Z8R7,CA,,
GPA.3312-6188-1072-92141,2021-11-12,1636714148,Charged,q2q,Character Manager (Complete Reference for Pathfinder 2),com.vansteinengroentjes.pathfindertwo,inapp,charpf2,PLN,17.07,3.92,20.99,,,,PL,,
GPA.3339-6455-3703-62828,2021-11-12,1636726442,Charged,OnePlusN200TMO,Pathfinder DM tools (Complete Reference for Pathfinder),com.vansteinengroentjes.apps.ddpf,inapp,premium,USD,2.49,0.15,2.64,ANN ARBOR,MI,48103,US,,
GPA.3355-8943-0244-86373,2021-11-12,1636726459,Charged,OnePlusN200TMO,Character Manager (Complete Reference for Pathfinder),com.vansteinengroentjes.apps.ddpf,inapp,unlockcharactermanager,USD,1.99,0.12,2.11,ANN ARBOR,MI,48103,US,,
GPA.3363-7284-5769-04651,2021-11-12,1636733206,Charged,mdh50lm,Dungeon Master Tools (Complete Reference for Pathfinder 2),com.vansteinengroentjes.pathfindertwo,inapp,dmtoolspf2,USD,3.49,0.21,3.70,FAIRDALE,KY,40118,US,,
GPA.3324-6751-8452-57095,2021-11-12,1636746120,Charged,t2q,DM Tools (Complete Reference for DnD 5),com.vansteinengroentjes.apps.ddfive,inapp,premium,USD,3.49,0.21,3.70,Highland,MD,20777,US,,
GPA.3331-3718-4296-67611,2021-11-12,1636746132,Charged,t2q,Character Manager (Complete Reference for DnD 5),com.vansteinengroentjes.apps.ddfive,inapp,unlockcharactermanager,USD,5.49,0.33,5.82,Highland,MD,20777,US,,
GPA.3399-7400-9381-74657,2021-11-12,1636754465,Charged,sofiap,Character Manager (Complete Reference for DnD 5),com.vansteinengroentjes.apps.ddfive,inapp,unlockcharactermanager,USD,5.49,0.45,5.94,MESQUITE,TX,75150,US,,
GPA.3387-2628-6373-46582,2021-11-13,1636761766,Charged,gts210vewifi,Unlock Character Manager (D20 Complete Reference),com.vansteinengroentjes.apps.ddcompletereference,inapp,unlockcharactermanager,USD,1.96,0.14,2.10,Indianapolis,IN,46280,US,,
GPA.3339-8963-7655-76608,2021-11-13,1636761779,Charged,gts210vewifi,"Unlock DM tools, Dice tools and remove ads. (D20 Complete Reference)",com.vansteinengroentjes.apps.ddcompletereference,inapp,premium,USD,2.49,0.17,2.66,Indianapolis,IN,46280,US,,
GPA.3367-8238-9323-57475,2021-11-13,1636766984,Charged,crownqltesq,Character Manager (Complete Reference for DnD 5),com.vansteinengroentjes.apps.ddfive,inapp,unlockcharactermanager,USD,5.49,0.38,5.87,MCKEESPORT,PA,15133,US,,
GPA.3338-6721-3109-58667,2021-11-13,1636782445,Charged,j7toplteue,System Info LIve Wallpaper,com.droidbs.wallpaper.live.systeminfo,paidapp,,USD,1.99,0.00,1.99,MEDICINE LAKE,MT,59247,US,,
GPA.3302-1727-9928-63616,2021-11-13,1636806140,Charged,r8s,Character Manager (Complete Reference for DnD 5),com.vansteinengroentjes.apps.ddfive,inapp,unlockcharactermanager,EUR,4.19,0.80,4.99,,,,DE,,
GPA.3397-5127-6166-42887,2021-11-13,1636812874,Charged,r8s,DM Tools (Complete Reference for DnD 5),com.vansteinengroentjes.apps.ddfive,inapp,premium,EUR,2.51,0.48,2.99,,,,DE,,
GPA.3339-6013-9358-89279,2021-11-13,1636824535,Charged,r8q,Character Manager (Complete Reference for DnD 5),com.vansteinengroentjes.apps.ddfive,inapp,unlockcharactermanager,USD,5.49,0.33,5.82,Elkins Park,PA,19027,US,,
GPA.3387-3184-5340-16780,2021-11-13,1636827878,Charged,y2s,DM Tools (Complete Reference for DnD 5),com.vansteinengroentjes.apps.ddfive,inapp,premium,GBP,2.16,0.43,2.59,,,,GB,,
GPA.3353-3706-4203-96426,2021-11-13,1636827897,Charged,y2s,Character Manager (Complete Reference for DnD 5),com.vansteinengroentjes.apps.ddfive,inapp,unlockcharactermanager,GBP,3.49,0.70,4.19,,,,GB,,
GPA.3351-6531-1415-50481,2021-11-13,1636831422,Charged,channel,DM Tools (Complete Reference for DnD 5),com.vansteinengroentjes.apps.ddfive,inapp,premium,USD,3.49,0.00,3.49,BEVERLY HILLS,FL,34465,US,,
GPA.3383-1794-9630-74263,2021-11-13,1636831902,Charged,channel,Character Manager (Complete Reference for DnD 5),com.vansteinengroentjes.apps.ddfive,inapp,unlockcharactermanager,USD,5.49,0.00,5.49,BEVERLY HILLS,FL,34465,US,,
GPA.3348-7925-3698-43889,2021-11-13,1636834206,Charged,r8q,DM Tools (Complete Reference for DnD 5),com.vansteinengroentjes.apps.ddfive,inapp,premium,NZD,4.34,0.65,4.99,,,8061,NZ,,
GPA.3336-2860-0024-60865,2021-11-13,1636834242,Charged,r8q,Character Manager (Complete Reference for DnD 5),com.vansteinengroentjes.apps.ddfive,inapp,unlockcharactermanager,NZD,6.95,1.04,7.99,,,8061,NZ,,
GPA.3332-0590-0037-08759,2021-11-14,1636849724,Charged,p3q,Character Manager (Complete Reference for DnD 5),com.vansteinengroentjes.apps.ddfive,inapp,unlockcharactermanager,USD,5.49,0.37,5.86,Alton,IL,62002,US,,
GPA.3320-1869-5019-99866,2021-11-14,1636859958,Charged,borneo,DM Tools (Complete Reference for DnD 5),com.vansteinengroentjes.apps.ddfive,inapp,premium,USD,3.49,0.00,3.49,KANSAS CITY,MO,64114,US,,
GPA.3370-3928-2081-80580,2021-11-14,1636867027,Charged,a11q,Character Manager (Complete Reference for DnD 5),com.vansteinengroentjes.apps.ddfive,inapp,unlockcharactermanager,USD,5.49,0.00,5.49,CORNING,AR,72422,US,,
GPA.3395-4201-8501-26361,2021-11-14,1636867041,Charged,a11q,DM Tools (Complete Reference for DnD 5),com.vansteinengroentjes.apps.ddfive,inapp,premium,USD,3.49,0.00,3.49,CORNING,AR,72422,US,,
GPA.3344-6053-7310-31041,2021-11-14,1636867077,Charged,trltevzw,Pathfinder DM tools (Complete Reference for Pathfinder),com.vansteinengroentjes.apps.ddpf,inapp,premium,USD,2.49,0.00,2.49,SUNCOOK,NH,03275,US,,
GPA.3378-7525-7679-09182,2021-11-14,1636869164,Charged,caymanlm,Character Manager (Complete Reference for DnD 5),com.vansteinengroentjes.apps.ddfive,inapp,unlockcharactermanager,USD,5.49,0.38,5.87,UNINCORPORATED,NC,27127,US,,
GPA.3371-5385-9811-30950,2021-11-14,1636869323,Charged,a10e,Character Manager (Complete Reference for Pathfinder),com.vansteinengroentjes.apps.ddpf,inapp,unlockcharactermanager,USD,1.99,0.00,1.99,JUDSONIA,AR,72081,US,,
GPA.3370-2924-0554-69950,2021-11-14,1636869406,Charged,y2q,DM Tools (Complete Reference for DnD 5),com.vansteinengroentjes.apps.ddfive,inapp,premium,USD,3.49,0.21,3.70,LAWRENCE,MI,49079,US,,
GPA.3352-6620-4203-21481,2021-11-14,1636870389,Charged,berlna,Pathfinder DM tools (Complete Reference for Pathfinder),com.vansteinengroentjes.apps.ddpf,inapp,premium,USD,2.49,0.17,2.66,FORT WAYNE,IN,46774,US,,
GPA.3358-8031-8441-14975,2021-11-14,1636870425,Charged,berlna,Character Manager (Complete Reference for Pathfinder),com.vansteinengroentjes.apps.ddpf,inapp,unlockcharactermanager,USD,1.99,0.14,2.13,FORT WAYNE,IN,46774,US,,
GPA.3330-1050-0393-74754,2021-11-14,1636871004,Charged,a10e,Character Manager (Complete Reference for DnD 5),com.vansteinengroentjes.apps.ddfive,inapp,unlockcharactermanager,USD,5.49,0.00,5.49,CALHOUN,GA,30701,US,,
GPA.3339-6566-0551-91624,2021-11-14,1636872330,Charged,y2q,Character Manager (Complete Reference for DnD 5),com.vansteinengroentjes.apps.ddfive,inapp,unlockcharactermanager,USD,5.49,0.33,5.82,LAWRENCE,MI,49079,US,,
GPA.3391-4807-4433-41717,2021-11-14,1636906323,Charged,a01q,Character Manager (Complete Reference for Pathfinder),com.vansteinengroentjes.apps.ddpf,inapp,unlockcharactermanager,USD,1.99,0.14,2.13,EVANSVILLE,IN,47715,US,,
GPA.3399-2884-4965-46970,2021-11-14,1636906360,Charged,a01q,Pathfinder DM tools (Complete Reference for Pathfinder),com.vansteinengroentjes.apps.ddpf,inapp,premium,USD,2.49,0.17,2.66,EVANSVILLE,IN,47715,US,,
GPA.3356-0287-1621-30537,2021-11-14,1636914257,Charged,r8q,Character Manager (Complete Reference for DnD 5),com.vansteinengroentjes.apps.ddfive,inapp,unlockcharactermanager,USD,5.49,0.39,5.88,ARLINGTON,IL,61330,US,,
GPA.3349-4187-8897-82054,2021-11-14,1636914282,Charged,r8q,DM Tools (Complete Reference for DnD 5),com.vansteinengroentjes.apps.ddfive,inapp,premium,USD,3.49,0.25,3.74,ARLINGTON,IL,61330,US,,
GPA.3347-2571-1166-93738,2021-11-14,1636917660,Charged,r8q,Character Manager (Complete Reference for DnD 5),com.vansteinengroentjes.apps.ddfive,inapp,unlockcharactermanager,CHF,5.60,0.00,5.60,Arni,,8905,CH,,
GPA.3367-2961-6425-36514,2021-11-14,1636918604,Charged,oriole,Character Manager (Complete Reference for DnD 5),com.vansteinengroentjes.apps.ddfive,inapp,unlockcharactermanager,USD,5.49,0.45,5.94,Houston,TX,77084,US,,
GPA.3346-4113-4964-76184,2021-11-14,1636929217,Charged,c1q,Character Manager (Complete Reference for DnD 5),com.vansteinengroentjes.apps.ddfive,inapp,unlockcharactermanager,USD,5.49,0.00,5.49,MISSOULA,MT,59802,US,,
GPA.3326-1317-1656-27728,2021-11-14,1636929241,Charged,c1q,DM Tools (Complete Reference for DnD 5),com.vansteinengroentjes.apps.ddfive,inapp,premium,USD,3.49,0.00,3.49,MISSOULA,MT,59802,US,,
GPA.3370-4699-6968-36179,2021-11-14,1636930945,Charged,beyond0q,Character Manager (Complete Reference for DnD 5),com.vansteinengroentjes.apps.ddfive,inapp,unlockcharactermanager,USD,5.49,0.50,5.99,PORT TOWNSEND,WA,98368,US,,
GPA.3368-2878-0047-28107,2021-11-15,1636938791,Charged,gta3xlwifi,DM Tools (Complete Reference for DnD 5),com.vansteinengroentjes.apps.ddfive,inapp,premium,USD,3.49,0.00,3.49,IMPERIAL,MO,63052,US,,
GPA.3300-7582-4858-95713,2021-11-15,1636942857,Charged,beyond1q,DM Tools (Complete Reference for DnD 5),com.vansteinengroentjes.apps.ddfive,inapp,premium,USD,3.49,0.00,3.49,O FALLON,MO,63366,US,,
GPA.3312-1028-2583-22754,2021-11-15,1636945215,Charged,cruiserltesq,Character Manager (Complete Reference for DnD 5),com.vansteinengroentjes.apps.ddfive,inapp,unlockcharactermanager,USD,5.49,0.00,5.49,CERRITOS,CA,90650,US,,
GPA.3312-0824-5079-87663,2021-11-15,1636945242,Charged,cruiserltesq,DM Tools (Complete Reference for DnD 5),com.vansteinengroentjes.apps.ddfive,inapp,premium,USD,3.49,0.00,3.49,CERRITOS,CA,90650,US,,
GPA.3339-5453-4103-25870,2021-11-15,1637000471,Charged,a41,DM Tools (Complete Reference for DnD 5),com.vansteinengroentjes.apps.ddfive,inapp,premium,GBP,2.16,0.43,2.59,,,,GB,,
GPA.3359-1775-2325-10138,2021-11-15,1637000718,Charged,o1q,DM Tools (Complete Reference for DnD 5),com.vansteinengroentjes.apps.ddfive,inapp,premium,USD,3.49,0.29,3.78,PLAINFIELD,IL,60585,US,,
GPA.3358-3752-1570-35203,2021-11-15,1637000727,Charged,o1q,Character Manager (Complete Reference for DnD 5),com.vansteinengroentjes.apps.ddfive,inapp,unlockcharactermanager,USD,5.49,0.45,5.94,PLAINFIELD,IL,60585,US,,
GPA.3335-0016-7917-61094,2021-11-15,1637003205,Charged,OnePlus7TTMO,Character Manager (Complete Reference for DnD 5),com.vansteinengroentjes.apps.ddfive,inapp,unlockcharactermanager,USD,5.49,0.40,5.89,Mount Vernon,OH,43050,US,,
GPA.3343-9535-1978-42015,2021-11-15,1637013164,Charged,y2q,Character Manager (Complete Reference for DnD 5),com.vansteinengroentjes.apps.ddfive,inapp,unlockcharactermanager,USD,5.49,0.30,5.79,BRODHEAD,WI,53566,US,,
GPA.3383-5116-4912-82732,2021-11-16,1637020876,Charged,a02q,DM Tools (Complete Reference for DnD 5),com.vansteinengroentjes.apps.ddfive,inapp,premium,USD,3.49,0.24,3.73,Burlington,NC,27215,US,,
GPA.3325-5408-5397-82305,2021-11-16,1637023202,Charged,redfin,Character Manager (Complete Reference for DnD 5),com.vansteinengroentjes.apps.ddfive,inapp,unlockcharactermanager,USD,5.49,0.38,5.87,Indianapolis,IN,46219,US,,
GPA.3354-5711-0561-20257,2021-11-16,1637026250,Charged,beyond1q,Character Manager (Complete Reference for DnD 5),com.vansteinengroentjes.apps.ddfive,inapp,unlockcharactermanager,USD,5.49,0.37,5.86,ANGLETON,TX,77515,US,,
GPA.3300-2186-9191-91055,2021-11-16,1637026260,Charged,beyond1q,DM Tools (Complete Reference for DnD 5),com.vansteinengroentjes.apps.ddfive,inapp,premium,USD,3.49,0.24,3.73,ANGLETON,TX,77515,US,,
GPA.3322-6849-5649-01780,2021-11-16,1637028208,Charged,OnePlus8Pro,DM Tools (Complete Reference for DnD 5),com.vansteinengroentjes.apps.ddfive,inapp,premium,GBP,2.16,0.43,2.59,,,,GB,,
GPA.3321-5629-6357-67377,2021-11-16,1637035041,Charged,p3q,DM Tools (Complete Reference for DnD 5),com.vansteinengroentjes.apps.ddfive,inapp,premium,USD,3.49,0.00,3.49,MCCAMMON,ID,83250,US,,
GPA.3359-9091-5009-14183,2021-11-16,1637053373,Charged,a42xuq,DM Tools (Complete Reference for DnD 5),com.vansteinengroentjes.apps.ddfive,inapp,premium,USD,3.49,0.00,3.49,LAKESIDE,CA,92040,US,,
GPA.3398-7782-8123-16650,2021-11-16,1637066257,Charged,beyond2,Character Manager (Complete Reference for DnD 5),com.vansteinengroentjes.apps.ddfive,inapp,unlockcharactermanager,EUR,4.12,0.87,4.99,,,,NL,,
GPA.3340-3794-4888-93734,2021-11-16,1637069373,Charged,j7popltespr,Character Manager (Complete Reference for Pathfinder),com.vansteinengroentjes.apps.ddpf,inapp,unlockcharactermanager,USD,1.99,0.00,1.99,Great Falls,MT,59405,US,,
GPA.3350-2180-8439-96577,2021-11-16,1637069393,Charged,j7popltespr,Pathfinder DM tools (Complete Reference for Pathfinder),com.vansteinengroentjes.apps.ddpf,inapp,premium,USD,2.49,0.00,2.49,Great Falls,MT,59405,US,,
GPA.3321-8690-4589-89725,2021-11-16,1637079484,Charged,OnePlus8TTMO,Character Manager (Complete Reference for DnD 5),com.vansteinengroentjes.apps.ddfive,inapp,unlockcharactermanager,USD,5.49,0.45,5.94,MCALLEN,TX,78577,US,,
GPA.3303-0850-4730-15876,2021-11-16,1637081457,Charged,c2q,DM Tools (Complete Reference for DnD 5),com.vansteinengroentjes.apps.ddfive,inapp,premium,USD,3.49,0.23,3.72,Vineland,NJ,08360,US,,
GPA.3352-8687-8099-83623,2021-11-16,1637082023,Charged,sofiar,DM Tools (Complete Reference for DnD 5),com.vansteinengroentjes.apps.ddfive,inapp,premium,BRL,12.99,0.00,12.99,São Vicente,SP,11350300,BR,,
GPA.3334-3867-9174-58668,2021-11-16,1637100712,Charged,surfna,Character Manager (Complete Reference for DnD 5),com.vansteinengroentjes.apps.ddfive,inapp,unlockcharactermanager,USD,5.49,0.51,6.00,MARYSVILLE,WA,98270,US,,
GPA.3311-0675-6825-27613,2021-11-17,1637111172,Charged,q2q,Unlock Character Manager (D20 Complete Reference),com.vansteinengroentjes.apps.ddcompletereference,inapp,unlockcharactermanager,USD,1.96,0.00,1.96,Jacksonville,FL,32226,US,,
GPA.3396-6495-6792-70115,2021-11-17,1637115485,Charged,starqltesq,Character Manager (Complete Reference for DnD 5),com.vansteinengroentjes.apps.ddfive,inapp,unlockcharactermanager,USD,5.49,0.45,5.94,HOUSTON,TX,77059,US,,
GPA.3387-0478-4522-46765,2021-11-17,1637130275,Charged,p3q,Unlock Character Manager (D20 Complete Reference),com.vansteinengroentjes.apps.ddcompletereference,inapp,unlockcharactermanager,USD,1.96,0.00,1.96,CAPE GIRARDEAU,MO,63703,US,,
GPA.3358-6416-1725-44697,2021-11-17,1637167957,Charged,100011885,DM Tools (Complete Reference for DnD 5),com.vansteinengroentjes.apps.ddfive,inapp,premium,USD,3.49,0.21,3.70,DuBois,PA,15801,US,,
GPA.3303-0629-5016-42476,2021-11-17,1637172277,Charged,denver,Pathfinder DM tools (Complete Reference for Pathfinder),com.vansteinengroentjes.apps.ddpf,inapp,premium,USD,2.49,0.00,2.49,Kennesaw,GA,30152,US,,
GPA.3327-8310-2390-64666,2021-11-17,1637173072,Charged,blackjack,DM Tools (Complete Reference for DnD 5),com.vansteinengroentjes.apps.ddfive,inapp,premium,GBP,2.16,0.43,2.59,,,,GB,,
GPA.3352-3756-2446-02406,2021-11-18,1637204553,Charged,starqltesq,Character Manager (Complete Reference for DnD 5),com.vansteinengroentjes.apps.ddfive,inapp,unlockcharactermanager,USD,5.49,0.00,5.49,Glen Allen,VA,23060,US,,
GPA.3304-1343-6014-44849,2021-11-18,1637207445,Charged,Porto,Character Manager (Complete Reference for DnD 5),com.vansteinengroentjes.apps.ddfive,inapp,unlockcharactermanager,USD,5.49,0.36,5.85,ELYRIA,OH,44035,US,,
GPA.3354-5100-4193-32703,2021-11-18,1637208587,Charged,poseidonlteatt,DM Tools (Complete Reference for DnD 5),com.vansteinengroentjes.apps.ddfive,inapp,premium,USD,3.49,0.00,3.49,UNINCORPORATED,VA,24540,US,,
GPA.3333-7476-5715-78428,2021-11-18,1637223563,Charged,mdh50lm,"Unlock DM tools, Dice tools and remove ads. (D20 Complete Reference)",com.vansteinengroentjes.apps.ddcompletereference,inapp,premium,USD,2.49,0.00,2.49,Mountain home,ID,83647,US,,
GPA.3339-8837-1611-67093,2021-11-18,1637239896,Charged,joyeuse,Character Manager (Complete Reference for DnD 5),com.vansteinengroentjes.apps.ddfive,inapp,unlockcharactermanager,EUR,4.19,0.80,4.99,,,,DE,,
GPA.3378-3692-0039-46056,2021-11-18,1637244138,Charged,rosemary,Character Manager (Complete Reference for DnD 5),com.vansteinengroentjes.apps.ddfive,inapp,unlockcharactermanager,EUR,4.19,0.80,4.99,,,,DE,,
GPA.3317-9685-8446-68388,2021-11-18,1637245303,Charged,a50,DM Tools (Complete Reference for DnD 5),com.vansteinengroentjes.apps.ddfive,inapp,premium,USD,3.38,0.00,3.38,Cipolletti,Río Negro,8324,AR,,
GPA.3327-4207-6301-77052,2021-11-18,1637245831,Charged,joyeuse,DM Tools (Complete Reference for DnD 5),com.vansteinengroentjes.apps.ddfive,inapp,premium,EUR,2.51,0.48,2.99,,,,DE,,
GPA.3352-0970-6974-83036,2021-11-18,1637254178,Charged,p3q,Character Manager (Complete Reference for DnD 5),com.vansteinengroentjes.apps.ddfive,inapp,unlockcharactermanager,USD,5.49,0.51,6.00,TOPEKA,KS,66619,US,,
GPA.3319-0254-5847-41642,2021-11-18,1637268951,Charged,t2q,Character Manager (Complete Reference for Pathfinder 2),com.vansteinengroentjes.pathfindertwo,inapp,charpf2,USD,5.49,0.38,5.87,FORT WAYNE,IN,46807,US,,
GPA.3366-2710-9150-33168,2021-11-18,1637272518,Charged,o1s,Character Manager (Complete Reference for DnD 5),com.vansteinengroentjes.apps.ddfive,inapp,unlockcharactermanager,GBP,3.49,0.70,4.19,,,,GB,,
GPA.3347-6931-0794-78683,2021-11-18,1637272541,Charged,o1s,DM Tools (Complete Reference for DnD 5),com.vansteinengroentjes.apps.ddfive,inapp,premium,GBP,2.16,0.43,2.59,,,,GB,,
GPA.3319-4538-0775-16926,2021-11-19,1637284366,Charged,timelm,Character Manager (Complete Reference for Pathfinder),com.vansteinengroentjes.apps.ddpf,inapp,unlockcharactermanager,USD,1.99,0.16,2.15,Minneapolis,MN,55407,US,,
GPA.3317-4669-6223-49840,2021-11-19,1637284690,Charged,coral,Dungeon Master Tools (Complete Reference for Pathfinder 2),com.vansteinengroentjes.pathfindertwo,inapp,dmtoolspf2,USD,3.49,0.24,3.73,Carlisle,IA,50047,US,,
GPA.3357-6460-1614-28918,2021-11-19,1637284769,Charged,coral,Character Manager (Complete Reference for Pathfinder 2),com.vansteinengroentjes.pathfindertwo,inapp,charpf2,USD,5.49,0.38,5.87,Carlisle,IA,50047,US,,
GPA.3397-4412-1702-76832,2021-11-19,1637291499,Charged,surfna,DM Tools (Complete Reference for DnD 5),com.vansteinengroentjes.apps.ddfive,inapp,premium,USD,3.49,0.29,3.78,WICHITA FALLS,TX,76301,US,,
GPA.3325-1289-7373-75745,2021-11-19,1637291521,Charged,surfna,Character Manager (Complete Reference for DnD 5),com.vansteinengroentjes.apps.ddfive,inapp,unlockcharactermanager,USD,5.49,0.45,5.94,WICHITA FALLS,TX,76301,US,,
GPA.3387-1721-1511-05415,2021-11-19,1637296701,Charged,z3q,Character Manager (Complete Reference for DnD 5),com.vansteinengroentjes.apps.ddfive,inapp,unlockcharactermanager,USD,5.49,0.48,5.97,KENT,WA,98058,US,,
GPA.3397-8611-9035-34253,2021-11-19,1637310285,Charged,HWCOL,Dungeon Master Tools (Complete Reference for Pathfinder 2),com.vansteinengroentjes.pathfindertwo,inapp,dmtoolspf2,EUR,2.51,0.48,2.99,,,,DE,,
GPA.3398-4750-4437-59762,2021-11-19,1637317380,Charged,a32x,DM Tools (Complete Reference for DnD 5),com.vansteinengroentjes.apps.ddfive,inapp,premium,USD,3.49,0.00,3.49,HOMER,GA,30577,US,,
GPA.3311-2368-6426-56889,2021-11-19,1637319679,Charged,a5y17lte,Character Manager (Complete Reference for DnD 5),com.vansteinengroentjes.apps.ddfive,inapp,unlockcharactermanager,EUR,3.19,0.80,3.99,,,,DE,,
GPA.3387-5049-3660-52111,2021-11-19,1637320101,Charged,mid1035_mq,System Info LIve Wallpaper,com.droidbs.wallpaper.live.systeminfo,paidapp,,USD,1.99,0.00,1.99,FRESNO,CA,93702,US,,
GPA.3329-2446-3746-64056,2021-11-19,1637326724,Charged,c2s,Character Manager (Complete Reference for DnD 5),com.vansteinengroentjes.apps.ddfive,inapp,unlockcharactermanager,USD,5.49,0.42,5.91,KENNARD,TX,75847,US,,
GPA.3353-9348-4227-40933,2021-11-19,1637326734,Charged,c2s,DM Tools (Complete Reference for DnD 5),com.vansteinengroentjes.apps.ddfive,inapp,premium,USD,3.49,0.27,3.76,KENNARD,TX,75847,US,,
GPA.3382-7295-1735-51338,2021-11-19,1637331144,Charged,j6lte,DM Tools (Complete Reference for DnD 5),com.vansteinengroentjes.apps.ddfive,inapp,premium,GBP,2.16,0.43,2.59,,,,GB,,
GPA.3344-1150-5961-65037,2021-11-19,1637342641,Charged,a51,Character Manager (Complete Reference for DnD 5),com.vansteinengroentjes.apps.ddfive,inapp,unlockcharactermanager,USD,5.49,0.44,5.93,BRATENAHL,OH,44108,US,,
GPA.3331-0406-4840-59063,2021-11-19,1637365995,Charged,vayu,Character Manager (Complete Reference for Pathfinder),com.vansteinengroentjes.apps.ddpf,inapp,unlockcharactermanager,EUR,1.81,0.38,2.19,,,,ES,,
GPA.3368-3895-9340-87027,2021-11-20,1637380244,Charged,a21,Character Manager (Complete Reference for DnD 5),com.vansteinengroentjes.apps.ddfive,inapp,unlockcharactermanager,USD,5.49,0.00,5.49,GREAT FALLS,MT,59404,US,,
GPA.3317-2070-1325-37681,2021-11-20,1637382038,Charged,Porto,DM Tools (Complete Reference for DnD 5),com.vansteinengroentjes.apps.ddfive,inapp,premium,USD,3.49,0.23,3.72,ELYRIA,OH,44035,US,,
GPA.3361-7872-0915-29195,2021-11-20,1637387535,Charged,star2qltesq,Character Manager (Complete Reference for DnD 5),com.vansteinengroentjes.apps.ddfive,inapp,unlockcharactermanager,USD,5.49,0.38,5.87,CEDAR RAPIDS,IA,52402,US,,
GPA.3383-0990-8373-89185,2021-11-20,1637388227,Charged,Z3153,Unlock Character Manager (D20 Complete Reference),com.vansteinengroentjes.apps.ddcompletereference,inapp,unlockcharactermanager,USD,1.96,0.16,2.12,BURKBURNETT,TX,76354,US,,
GPA.3386-3329-3740-64446,2021-11-20,1637388356,Charged,Z3153,Pathfinder DM tools (Complete Reference for Pathfinder),com.vansteinengroentjes.apps.ddpf,inapp,premium,USD,2.49,0.21,2.70,BURKBURNETT,TX,76354,US,,
GPA.3318-6041-9372-21376,2021-11-20,1637407825,Charged,beyond0q,Site Crawler,com.vansteinengroentjes.apps.sitecrawler,paidapp,,USD,3.49,0.29,3.78,Mesa,AZ,85205,US,,
GPA.3381-1231-7422-31750,2021-11-20,1637409422,Charged,o1q,Character Manager (Complete Reference for DnD 5),com.vansteinengroentjes.apps.ddfive,inapp,unlockcharactermanager,USD,5.49,0.44,5.93,ROCHESTER,NY,14608,US,,
GPA.3372-9400-8732-00436,2021-11-20,1637412685,Charged,a70q,Character Manager (Complete Reference for DnD 5),com.vansteinengroentjes.apps.ddfive,inapp,unlockcharactermanager,EUR,4.19,0.80,4.99,,,,DE,,
GPA.3328-3279-0675-09402,2021-11-20,1637412705,Charged,a70q,DM Tools (Complete Reference for DnD 5),com.vansteinengroentjes.apps.ddfive,inapp,premium,EUR,2.51,0.48,2.99,,,,DE,,
GPA.3367-7471-1058-79888,2021-11-20,1637433213,Charged,TB-X505F,DM Tools (Complete Reference for DnD 5),com.vansteinengroentjes.apps.ddfive,inapp,premium,GBP,2.16,0.43,2.59,,,,GB,,
GPA.3346-9387-6858-27481,2021-11-20,1637433445,Charged,TB-X505F,Character Manager (Complete Reference for DnD 5),com.vansteinengroentjes.apps.ddfive,inapp,unlockcharactermanager,GBP,3.49,0.70,4.19,,,,GB,,
GPA.3346-9337-8372-02208,2021-11-20,1637436181,Charged,timelm,DM Tools (Complete Reference for DnD 5),com.vansteinengroentjes.apps.ddfive,inapp,premium,USD,3.49,0.00,3.49,MULDROW,OK,74948,US,,
GPA.3345-8168-7406-88950,2021-11-20,1637440364,Charged,y2q,Character Manager (Complete Reference for DnD 5),com.vansteinengroentjes.apps.ddfive,inapp,unlockcharactermanager,USD,5.49,0.37,5.86,AKRON,OH,44314,US,,
GPA.3316-8319-1281-96797,2021-11-21,1637456019,Charged,heroqltevzw,Character Manager (Complete Reference for DnD 5),com.vansteinengroentjes.apps.ddfive,inapp,unlockcharactermanager,USD,5.49,0.00,5.49,Columbia,MO,65202,US,,
GPA.3330-1244-0060-14664,2021-11-21,1637457429,Charged,alphalm,DM Tools (Complete Reference for DnD 5),com.vansteinengroentjes.apps.ddfive,inapp,premium,USD,3.49,0.00,3.49,DENVER,CO,80233,US,,
GPA.3365-5821-8807-09486,2021-11-21,1637461322,Charged,starqltesq,Unlock Character Manager (D20 Complete Reference),com.vansteinengroentjes.apps.ddcompletereference,inapp,unlockcharactermanager,USD,1.96,0.12,2.08,FARMINGTON HILLS,MI,48152,US,,
GPA.3312-6161-6812-33492,2021-11-21,1637500829,Charged,beyond0q,Character Manager (Complete Reference for DnD 5),com.vansteinengroentjes.apps.ddfive,inapp,unlockcharactermanager,USD,5.49,0.00,5.49,HOMESTEAD,FL,33032,US,,
GPA.3335-3471-0845-04030,2021-11-21,1637507936,Charged,gts210wifi,DM Tools (Complete Reference for DnD 5),com.vansteinengroentjes.apps.ddfive,inapp,premium,EUR,2.51,0.48,2.99,,,,DE,,
GPA.3379-4122-8833-72169,2021-11-21,1637512028,Charged,Nord,Character Manager (Complete Reference for DnD 5),com.vansteinengroentjes.apps.ddfive,inapp,unlockcharactermanager,EUR,4.12,0.87,4.99,,,,NL,,
GPA.3378-2826-1032-10292,2021-11-21,1637514301,Charged,a51,Character Manager (Complete Reference for DnD 5),com.vansteinengroentjes.apps.ddfive,inapp,unlockcharactermanager,GBP,3.49,0.70,4.19,,,,GB,,
GPA.3384-9723-1593-46456,2021-11-21,1637517408,Charged,gts210wifi,Character Manager (Complete Reference for DnD 5),com.vansteinengroentjes.apps.ddfive,inapp,unlockcharactermanager,EUR,4.19,0.80,4.99,,,,DE,,
GPA.3322-7630-1226-86009,2021-11-21,1637520729,Charged,p3q,Character Manager (Complete Reference for DnD 5),com.vansteinengroentjes.apps.ddfive,inapp,unlockcharactermanager,USD,5.49,0.48,5.97,BLOOMINGTON,IL,61761,US,,
GPA.3318-8244-1836-56186,2021-11-21,1637523558,Charged,beyond2q,Character Manager (Complete Reference for DnD 5),com.vansteinengroentjes.apps.ddfive,inapp,unlockcharactermanager,USD,5.49,0.00,5.49,AURORA,CO,80015,US,,
GPA.3369-5036-1196-22763,2021-11-21,1637528258,Charged,alphalm,Character Manager (Complete Reference for DnD 5),com.vansteinengroentjes.apps.ddfive,inapp,unlockcharactermanager,USD,5.49,0.00,5.49,DENVER,CO,80233,US,,
GPA.3302-9413-9069-71612,2021-11-21,1637536623,Charged,OnePlus8T,Character Manager (Complete Reference for DnD 5),com.vansteinengroentjes.apps.ddfive,inapp,unlockcharactermanager,USD,5.49,0.00,5.49,SAN FRANCISCO,CA,94127,US,,
GPA.3355-9470-7125-91223,2021-11-22,1637541387,Charged,caymanlm,DM Tools (Complete Reference for DnD 5),com.vansteinengroentjes.apps.ddfive,inapp,premium,CAD,4.49,0.22,4.71,Winnipeg,MB,R2C 0E1,CA,,
GPA.3323-8926-0718-19499,2021-11-22,1637541778,Charged,dreamqlteue,Character Manager (Complete Reference for DnD 5),com.vansteinengroentjes.apps.ddfive,inapp,unlockcharactermanager,USD,5.49,0.33,5.82,BOYDS,MD,20841,US,,
GPA.3316-2799-0784-93927,2021-11-22,1637564696,Charged,a71xq,"Unlock DM tools, Dice tools and remove ads. (D20 Complete Reference)",com.vansteinengroentjes.apps.ddcompletereference,inapp,premium,USD,2.49,0.00,2.49,LOS ANGELES,CA,91342,US,,
GPA.3340-1913-2763-60312,2021-11-22,1637574619,Charged,crownqltesq,Character Manager (Complete Reference for DnD 5),com.vansteinengroentjes.apps.ddfive,inapp,unlockcharactermanager,USD,5.49,0.38,5.87,DES MOINES,IA,50315,US,,
GPA.3362-0882-2267-50953,2021-11-22,1637610351,Charged,crocus,DM Tools (Complete Reference for DnD 5),com.vansteinengroentjes.apps.ddfive,inapp,premium,USD,3.49,0.25,3.74,Zanesville,OH,43701,US,,
GPA.3308-2472-5292-74038,2021-11-22,1637624527,Charged,beyond2q,Character Manager (Complete Reference for DnD 5),com.vansteinengroentjes.apps.ddfive,inapp,unlockcharactermanager,USD,5.49,0.33,5.82,MARQUETTE,MI,49855,US,,
GPA.3313-4303-5163-03710,2021-11-22,1637624538,Charged,beyond2q,DM Tools (Complete Reference for DnD 5),com.vansteinengroentjes.apps.ddfive,inapp,premium,USD,3.49,0.21,3.70,MARQUETTE,MI,49855,US,,
GPA.3302-7257-9565-61308,2021-11-23,1637634203,Charged,sunfish,Character Manager (Complete Reference for DnD 5),com.vansteinengroentjes.apps.ddfive,inapp,unlockcharactermanager,CAD,7.49,0.37,7.86,Sherwood Park,AB,T8G 1A9,CA,,
GPA.3351-2555-1103-12042,2021-11-23,1637634468,Charged,dreamqltesq,Character Manager (Complete Reference for DnD 5),com.vansteinengroentjes.apps.ddfive,inapp,unlockcharactermanager,USD,5.49,0.00,5.49,BINGER,OK,73009,US,,
GPA.3362-4356-6774-68003,2021-11-23,1637641206,Charged,a50,Dungeon Master Tools (Complete Reference for Pathfinder 2),com.vansteinengroentjes.pathfindertwo,inapp,dmtoolspf2,USD,3.49,0.24,3.73,ANAMOSA,IA,52205,US,,
GPA.3383-3791-4287-11059,2021-11-23,1637662613,Charged,starqltesq,DM Tools (Complete Reference for DnD 5),com.vansteinengroentjes.apps.ddfive,inapp,premium,USD,3.49,0.21,3.70,MACOMB,MI,48042,US,,
GPA.3349-5731-2199-62879,2021-11-23,1637685158,Charged,gts7xlwifi,DM Tools (Complete Reference for DnD 5),com.vansteinengroentjes.apps.ddfive,inapp,premium,USD,3.49,0.00,3.49,BUENA VISTA,CO,81211,US,,
GPA.3313-9841-5092-97145,2021-11-23,1637685419,Charged,gts7xlwifi,Character Manager (Complete Reference for DnD 5),com.vansteinengroentjes.apps.ddfive,inapp,unlockcharactermanager,USD,5.49,0.00,5.49,BUENA VISTA,CO,81211,US,,
GPA.3336-8468-7969-37781,2021-11-23,1637687170,Charged,o1q,Character Manager (Complete Reference for Pathfinder),com.vansteinengroentjes.apps.ddpf,inapp,unlockcharactermanager,USD,1.99,0.00,1.99,MAGNOLIA,AR,71753,US,,
GPA.3320-4600-0363-94482,2021-11-23,1637708015,Charged,gts7fewifi,DM Tools (Complete Reference for DnD 5),com.vansteinengroentjes.apps.ddfive,inapp,premium,USD,3.49,0.29,3.78,UNINCORPORATED,TX,78114,US,,
GPA.3369-2095-0254-30858,2021-11-23,1637711987,Charged,a71xq,DM Tools (Complete Reference for DnD 5),com.vansteinengroentjes.apps.ddfive,inapp,premium,USD,3.49,0.29,3.78,Orange,TX,77632,US,,
GPA.3337-4245-6836-48908,2021-11-24,1637715036,Charged,crownqltesq,DM Tools (Complete Reference for DnD 5),com.vansteinengroentjes.apps.ddfive,inapp,premium,USD,3.49,0.21,3.70,ankeny,IA,50023,US,,
GPA.3313-4514-1367-12474,2021-11-24,1637719692,Charged,beyond2q,Character Manager (Complete Reference for Pathfinder 2),com.vansteinengroentjes.pathfindertwo,inapp,charpf2,USD,5.49,0.44,5.93,Cleveland,OH,44144,US,,
GPA.3370-0145-6808-06594,2021-11-24,1637722598,Charged,a52xq,Character Manager (Complete Reference for DnD 5),com.vansteinengroentjes.apps.ddfive,inapp,unlockcharactermanager,USD,5.49,0.40,5.89,HARRISVILLE,UT,84414,US,,
GPA.3326-3892-5889-21686,2021-11-24,1637722846,Charged,cv7a,Character Manager (Complete Reference for DnD 5),com.vansteinengroentjes.apps.ddfive,inapp,unlockcharactermanager,USD,5.49,0.34,5.83,VIDOR,TX,77677,US,,
GPA.3384-5265-4977-54908,2021-11-24,1637727984,Charged,beyond2,Character Manager (Complete Reference for Pathfinder),com.vansteinengroentjes.apps.ddpf,inapp,unlockcharactermanager,AUD,2.26,0.23,2.49,,,6030,AU,,
GPA.3319-7878-5348-86515,2021-11-24,1637760702,Charged,a71,DM Tools (Complete Reference for DnD 5),com.vansteinengroentjes.apps.ddfive,inapp,premium,GBP,1.16,0.43,1.59,,,,GB,,
GPA.3316-9706-3045-21552,2021-11-24,1637776722,Charged,beyond2q,DM Tools (Complete Reference for DnD 5),com.vansteinengroentjes.apps.ddfive,inapp,premium,USD,3.49,0.00,3.49,Medford,OR,97501,US,,
GPA.3369-7886-0139-81600,2021-11-24,1637782669,Charged,z3q,Character Manager (Complete Reference for DnD 5),com.vansteinengroentjes.apps.ddfive,inapp,unlockcharactermanager,USD,5.49,0.49,5.98,MONTESANO,WA,98563,US,,
GPA.3334-5313-1238-11839,2021-11-25,1637807362,Charged,y2q,Character Manager (Complete Reference for DnD 5),com.vansteinengroentjes.apps.ddfive,inapp,unlockcharactermanager,USD,5.49,0.38,5.87,Jacksonville,NC,28546,US,,
GPA.3357-2387-7335-03028,2021-11-25,1637819374,Charged,beyond2q,Character Manager (Complete Reference for DnD 5),com.vansteinengroentjes.apps.ddfive,inapp,unlockcharactermanager,USD,5.49,0.00,5.49,LAS VEGAS,NV,89119,US,,
GPA.3352-3672-9946-61728,2021-11-25,1637866213,Charged,c2q,Character Manager (Complete Reference for DnD 5),com.vansteinengroentjes.apps.ddfive,inapp,unlockcharactermanager,USD,5.49,0.38,5.87,UNINCORPORATED,MS,39759,US,,
GPA.3361-2274-7858-60476,2021-11-25,1637868650,Charged,p3q,Pathfinder DM tools (Complete Reference for Pathfinder),com.vansteinengroentjes.apps.ddpf,inapp,premium,USD,2.49,0.16,2.65,BOWLING GREEN,OH,43402,US,,
GPA.3324-1268-8945-70667,2021-11-25,1637868665,Charged,p3q,Character Manager (Complete Reference for Pathfinder),com.vansteinengroentjes.apps.ddpf,inapp,unlockcharactermanager,USD,1.99,0.13,2.12,BOWLING GREEN,OH,43402,US,,
GPA.3359-3541-5651-25195,2021-11-25,1637875640,Charged,gta7litewifi,Character Manager (Complete Reference for DnD 5),com.vansteinengroentjes.apps.ddfive,inapp,unlockcharactermanager,USD,5.49,0.00,5.49,SAVANNAH,GA,31401,US,,
GPA.3336-3470-0351-63798,2021-11-25,1637875691,Charged,gta7litewifi,DM Tools (Complete Reference for DnD 5),com.vansteinengroentjes.apps.ddfive,inapp,premium,USD,3.49,0.00,3.49,SAVANNAH,GA,31401,US,,
GPA.3336-8481-3723-72306,2021-11-25,1637884323,Charged,mido,Character Manager (Complete Reference for DnD 5),com.vansteinengroentjes.apps.ddfive,inapp,unlockcharactermanager,EUR,4.02,0.97,4.99,,,,GR,,
GPA.3313-1736-2474-32653,2021-11-25,1637884388,Charged,mido,DM Tools (Complete Reference for DnD 5),com.vansteinengroentjes.apps.ddfive,inapp,premium,EUR,2.41,0.58,2.99,,,,GR,,
GPA.3366-4316-7787-39646,2021-11-26,1637927941,Charged,dreamlte,DM Tools (Complete Reference for DnD 5),com.vansteinengroentjes.apps.ddfive,inapp,premium,EUR,2.51,0.48,2.99,,,,DE,,
GPA.3354-6967-2496-36240,2021-11-26,1637942845,Charged,r8q,DM Tools (Complete Reference for DnD 5),com.vansteinengroentjes.apps.ddfive,inapp,premium,USD,3.49,0.25,3.74,JAMESVILLE,NC,27846,US,,
GPA.3300-6294-0772-10523,2021-11-26,1637957804,Charged,smith,Character Manager (Complete Reference for DnD 5),com.vansteinengroentjes.apps.ddfive,inapp,unlockcharactermanager,USD,5.49,0.38,5.87,Saratoga Springs,NY,12866,US,,
GPA.3330-6463-4409-70609,2021-11-26,1637960468,Charged,OnePlusN10TMO,Character Manager (Complete Reference for DnD 5),com.vansteinengroentjes.apps.ddfive,inapp,unlockcharactermanager,USD,5.49,0.00,5.49,MUSTANG,OK,73099,US,,
GPA.3337-9992-8665-24605,2021-11-26,1637967082,Charged,tulip,Pathfinder DM tools (Complete Reference for Pathfinder),com.vansteinengroentjes.apps.ddpf,inapp,premium,BRL,5.49,0.00,5.49,Ponta Grossa,PR,84010-150,BR,,
GPA.3392-9233-0036-14108,2021-11-26,1637968089,Charged,a71,Character Manager (Complete Reference for DnD 5),com.vansteinengroentjes.apps.ddfive,inapp,unlockcharactermanager,GBP,3.49,0.70,4.19,,,,GB,,
GPA.3313-4686-6837-85419,2021-11-27,1637974464,Charged,ASUS_I003_1,Character Manager (Complete Reference for DnD 5),com.vansteinengroentjes.apps.ddfive,inapp,unlockcharactermanager,EUR,4.06,0.93,4.99,,,,PT,,
GPA.3371-4234-4432-55191,2021-11-27,1637979550,Charged,r8q,"Unlock DM tools, Dice tools and remove ads. (D20 Complete Reference)",com.vansteinengroentjes.apps.ddcompletereference,inapp,premium,CAD,3.69,0.48,4.17,Brampton,ON,L6T 2P6,CA,,
GPA.3390-9360-4821-59781,2021-11-27,1637987790,Charged,beyond1q,Character Manager (Complete Reference for DnD 5),com.vansteinengroentjes.apps.ddfive,inapp,unlockcharactermanager,USD,5.49,0.00,5.49,ANDERSON,MO,64850,US,,
GPA.3332-2603-4023-57404,2021-11-27,1637991376,Charged,NX659J-EEA,Character Manager (Complete Reference for Pathfinder),com.vansteinengroentjes.apps.ddpf,inapp,unlockcharactermanager,USD,1.99,0.00,1.99,UNINCORPORATED,NH,03281,US,,
GPA.3342-1481-7803-17820,2021-11-27,1638029194,Charged,q2q,"Unlock DM tools, Dice tools and remove ads. (D20 Complete Reference)",com.vansteinengroentjes.apps.ddcompletereference,inapp,premium,USD,2.49,0.00,2.49,SALCHA,AK,99714,US,,
GPA.3322-1335-9344-35275,2021-11-27,1638029214,Charged,q2q,Unlock Character Manager (D20 Complete Reference),com.vansteinengroentjes.apps.ddcompletereference,inapp,unlockcharactermanager,USD,1.96,0.00,1.96,SALCHA,AK,99714,US,,
GPA.3391-2090-0551-95319,2021-11-27,1638031334,Charged,a32x,Pathfinder DM tools (Complete Reference for Pathfinder),com.vansteinengroentjes.apps.ddpf,inapp,premium,CAD,2.39,0.36,2.75,Lantz,NS,B3S 2C5,CA,,
GPA.3316-2034-9966-80432,2021-11-27,1638032830,Charged,foles,Character Manager (Complete Reference for DnD 5),com.vansteinengroentjes.apps.ddfive,inapp,unlockcharactermanager,USD,5.49,0.30,5.79,Elkhorn,WI,53121,US,,
GPA.3300-9537-9085-65368,2021-11-27,1638043199,Charged,starlte,Character Manager (Complete Reference for DnD 5),com.vansteinengroentjes.apps.ddfive,inapp,unlockcharactermanager,GBP,3.49,0.70,4.19,,,,GB,,
GPA.3389-7516-8890-59038,2021-11-27,1638051719,Charged,a51,DM Tools (Complete Reference for DnD 5),com.vansteinengroentjes.apps.ddfive,inapp,premium,USD,3.49,0.24,3.73,COHASSET,MN,55744,US,,
GPA.3310-3452-8393-30224,2021-11-27,1638051734,Charged,a51,Character Manager (Complete Reference for DnD 5),com.vansteinengroentjes.apps.ddfive,inapp,unlockcharactermanager,USD,5.49,0.38,5.87,COHASSET,MN,55744,US,,
GPA.3339-8056-4628-00694,2021-11-27,1638055902,Charged,duo,DM Tools (Complete Reference for DnD 5),com.vansteinengroentjes.apps.ddfive,inapp,premium,USD,3.49,0.17,3.66,Wahiawa,HI,96786,US,,
GPA.3319-0369-1593-10953,2021-11-28,1638058280,Charged,d2xq2,Character Manager (Complete Reference for DnD 5),com.vansteinengroentjes.apps.ddfive,inapp,unlockcharactermanager,USD,5.49,0.00,5.49,BYRNES MILL,MO,63051,US,,
GPA.3314-6859-4715-96354,2021-11-28,1638058290,Charged,d2xq2,DM Tools (Complete Reference for DnD 5),com.vansteinengroentjes.apps.ddfive,inapp,premium,USD,3.49,0.00,3.49,BYRNES MILL,MO,63051,US,,
GPA.3374-8871-7120-38658,2021-11-28,1638058341,Charged,mdh50lm,Character Manager (Complete Reference for DnD 5),com.vansteinengroentjes.apps.ddfive,inapp,unlockcharactermanager,USD,5.49,0.33,5.82,HOPKINSVILLE,KY,42240,US,,
GPA.3356-6071-8935-05143,2021-11-28,1638059673,Charged,beyond1q,Character Manager (Complete Reference for DnD 5),com.vansteinengroentjes.apps.ddfive,inapp,unlockcharactermanager,USD,5.49,0.39,5.88,BERNALILLO,NM,87144,US,,
GPA.3327-4791-6520-13772,2021-11-28,1638061003,Charged,greatqlteue,Character Manager (Complete Reference for DnD 5),com.vansteinengroentjes.apps.ddfive,inapp,unlockcharactermanager,USD,5.49,0.00,5.49,crawfordville,FL,32327,US,,
GPA.3361-7389-5975-15851,2021-11-28,1638063658,Charged,OnePlusN200TMO,DM Tools (Complete Reference for DnD 5),com.vansteinengroentjes.apps.ddfive,inapp,premium,USD,3.49,0.00,3.49,Vero Beach,FL,32962,US,,
GPA.3313-4686-6837-85419,2021-11-28,1638065552,Refund,ASUS_I003_1,Character Manager (Complete Reference for DnD 5),com.vansteinengroentjes.apps.ddfive,inapp,unlockcharactermanager,EUR,4.06,-0.93,-4.99,,,,PT,,
GPA.3375-8199-3756-98619,2021-11-28,1638092794,Charged,def,DM Tools (Complete Reference for DnD 5),com.vansteinengroentjes.apps.ddfive,inapp,premium,EUR,2.47,0.52,2.99,,,,NL,,
GPA.3376-0192-9232-78628,2021-11-28,1638093452,Charged,def,Character Manager (Complete Reference for DnD 5),com.vansteinengroentjes.apps.ddfive,inapp,unlockcharactermanager,EUR,4.12,0.87,4.99,,,,NL,,
GPA.3370-2852-8849-12167,2021-11-28,1638100056,Charged,dreamqltesq,DM Tools (Complete Reference for DnD 5),com.vansteinengroentjes.apps.ddfive,inapp,premium,USD,3.49,0.22,3.71,TYLER,TX,75733,US,,
GPA.3310-5677-6864-35918,2021-11-28,1638122243,Charged,r8q,DM Tools (Complete Reference for DnD 5),com.vansteinengroentjes.apps.ddfive,inapp,premium,USD,3.49,0.00,3.49,GALES CREEK,OR,97117,US,,
GPA.3345-6600-3772-05732,2021-11-28,1638136088,Charged,gracerlte,DM Tools (Complete Reference for DnD 5),com.vansteinengroentjes.apps.ddfive,inapp,premium,PLN,10.56,2.43,12.99,,,,PL,,
GPA.3358-0822-2464-86515,2021-11-29,1638149903,Charged,joyeuse,DM Tools (Complete Reference for DnD 5),com.vansteinengroentjes.apps.ddfive,inapp,premium,MXN,56.03,8.97,65.00,,,64000,MX,,
GPA.3381-8568-1678-81334,2021-11-29,1638157746,Charged,o1q,Character Manager (Complete Reference for DnD 5),com.vansteinengroentjes.apps.ddfive,inapp,unlockcharactermanager,USD,5.49,0.00,5.49,COWETA,OK,74429,US,,
GPA.3369-2929-5213-13230,2021-11-29,1638174434,Charged,mid1035_mq,Site Crawler,com.vansteinengroentjes.apps.sitecrawler,paidapp,,USD,3.49,0.31,3.80,tucson,AZ,85711,US,,
GPA.3379-0285-0072-29253,2021-11-29,1638174597,Charged,beyond1q,Character Manager (Complete Reference for DnD 5),com.vansteinengroentjes.apps.ddfive,inapp,unlockcharactermanager,USD,5.49,0.36,5.85,Toquerville,UT,84774,US,,
GPA.3307-4040-8130-25428,2021-11-29,1638190599,Charged,q2q,Character Manager (Complete Reference for DnD 5),com.vansteinengroentjes.apps.ddfive,inapp,unlockcharactermanager,USD,5.49,0.33,5.82,HAGERSTOWN,MD,21740,US,,
GPA.3362-7358-1469-85653,2021-11-29,1638203425,Charged,IRM_sprout,Character Manager (Complete Reference for DnD 5),com.vansteinengroentjes.apps.ddfive,inapp,unlockcharactermanager,EUR,4.12,0.87,4.99,,,,NL,,
GPA.3313-1439-0179-88175,2021-11-29,1638203488,Charged,IRM_sprout,DM Tools (Complete Reference for DnD 5),com.vansteinengroentjes.apps.ddfive,inapp,premium,EUR,2.47,0.52,2.99,,,,NL,,
GPA.3390-9330-1810-80705,2021-11-29,1638204368,Charged,alphalm,Character Manager (Complete Reference for DnD 5),com.vansteinengroentjes.apps.ddfive,inapp,unlockcharactermanager,USD,5.49,0.00,5.49,DOVER,DE,19904,US,,
GPA.3365-2907-9900-02081,2021-11-29,1638204390,Charged,alphalm,DM Tools (Complete Reference for DnD 5),com.vansteinengroentjes.apps.ddfive,inapp,premium,USD,3.49,0.00,3.49,DOVER,DE,19904,US,,
GPA.3307-1025-7706-47950,2021-11-29,1638204880,Charged,gts7fewifi,Character Manager (Complete Reference for DnD 5),com.vansteinengroentjes.apps.ddfive,inapp,unlockcharactermanager,USD,5.49,0.45,5.94,UNINCORPORATED,TX,78114,US,,
GPA.3302-3901-9841-02701,2021-11-29,1638217296,Charged,j5xnlte,Character Manager (Complete Reference for DnD 5),com.vansteinengroentjes.apps.ddfive,inapp,unlockcharactermanager,GBP,3.49,0.70,4.19,,,,GB,,
GPA.3381-7812-0815-17272,2021-11-29,1638224713,Charged,kukui_cheets,DM Tools (Complete Reference for DnD 5),com.vansteinengroentjes.apps.ddfive,inapp,premium,EUR,2.45,0.54,2.99,,,,IT,,
GPA.3350-9996-1022-97171,2021-11-30,1638284349,Charged,p3q,Character Manager (Complete Reference for DnD 5),com.vansteinengroentjes.apps.ddfive,inapp,unlockcharactermanager,USD,5.49,0.48,5.97,TUCSON,AZ,85708,US,,
GPA.3395-9719-2821-91808,2021-11-30,1638294389,Charged,a20e,Pathfinder DM tools (Complete Reference for Pathfinder),com.vansteinengroentjes.apps.ddpf,inapp,premium,GBP,1.41,0.28,1.69,,,,GB,,
GPA.3362-1065-4724-74483,2021-11-30,1638294420,Charged,a20e,Character Manager (Complete Reference for Pathfinder),com.vansteinengroentjes.apps.ddpf,inapp,unlockcharactermanager,GBP,1.57,0.32,1.89,,,,GB,,
GPA.3343-3489-2344-09910,2021-11-30,1638295002,Charged,bonito,Character Manager (Complete Reference for DnD 5),com.vansteinengroentjes.apps.ddfive,inapp,unlockcharactermanager,CAD,7.49,0.37,7.86,Calgary,AB,T2K 4B3,CA,,
GPA.3316-1599-5968-25861,2021-11-30,1638300471,Charged,o1q,Character Manager (Complete Reference for DnD 5),com.vansteinengroentjes.apps.ddfive,inapp,unlockcharactermanager,USD,5.49,0.00,5.49,COVINA,CA,91723,US,,
GPA.3392-6472-9239-30264,2021-11-30,1638303169,Charged,beyond2q,Character Manager (Complete Reference for DnD 5),com.vansteinengroentjes.apps.ddfive,inapp,unlockcharactermanager,USD,5.49,0.42,5.91,Tecumseh,KS,66542,US,,
